{
    "sizes": [
        50,
        100,
        200,
        500,
        1000
    ],
    "results": {
        "Ngẫu nhiên bình thường": {
            "Gauss": {
                "times": [
                    0.0023611200001141695,
                    0.003503220000038709,
                    0.009087460000137071,
                    0.20181296000000656,
                    1.6428951199999573
                ],
                "errors": [
                    "3.93e-15",
                    "1.28e-14",
                    "1.15e-13",
                    "8.09e-14",
                    "1.22e-12"
                ]
            },
            "LU": {
                "times": [
                    0.0025670199999694885,
                    0.005040199999984907,
                    0.013407460000053106,
                    0.32067800000004354,
                    2.825546679999934
                ],
                "errors": [
                    "4.26e-15",
                    "1.03e-14",
                    "1.27e-13",
                    "9.50e-14",
                    "1.23e-12"
                ]
            },
            "QR": {
                "times": [
                    0.0023334600000453065,
                    0.003834740000002057,
                    0.012146560000019235,
                    0.4396710199998779,
                    4.411125820000052
                ],
                "errors": [
                    "3.02e-15",
                    "5.89e-15",
                    "4.48e-14",
                    "1.94e-14",
                    "1.61e-13"
                ]
            },
            "Gauss-Seidel": {
                "times": [
                    null,
                    null,
                    null,
                    null,
                    null
                ],
                "errors": [
                    "Lỗi: Ma trận không chéo trội ngặt",
                    "Lỗi: Ma trận không chéo trội ngặt",
                    "Lỗi: Ma trận không chéo trội ngặt",
                    "Lỗi: Ma trận không chéo trội ngặt",
                    "Lỗi: Ma trận không chéo trội ngặt"
                ]
            }
        },
        "SPD (Xác định dương) - Well-conditioned": {
            "Gauss": {
                "times": [
                    0.0008906999999453546,
                    0.0020673799999713083,
                    0.007413400000041292,
                    0.16992194000013114,
                    1.58246508000002
                ],
                "errors": [
                    "2.84e-16",
                    "3.98e-16",
                    "6.29e-16",
                    "7.56e-16",
                    "1.12e-15"
                ]
            },
            "LU": {
                "times": [
                    0.0015261800001098891,
                    0.001893500000005588,
                    0.008191580000038811,
                    0.28576615999982097,
                    2.657345879999957
                ],
                "errors": [
                    "1.81e-16",
                    "2.57e-16",
                    "4.01e-16",
                    "4.81e-16",
                    "7.28e-16"
                ]
            },
            "QR": {
                "times": [
                    0.0013866400000551947,
                    0.003418200000123761,
                    0.011125259999971604,
                    0.4110056199999235,
                    4.3535086400001095
                ],
                "errors": [
                    "5.34e-16",
                    "5.81e-16",
                    "6.48e-16",
                    "9.71e-16",
                    "1.34e-15"
                ]
            },
            "Gauss-Seidel": {
                "times": [
                    0.0026608200001646764,
                    0.0026666400000976863,
                    0.005056659999900149,
                    0.016700139999920795,
                    0.0407328399999642
                ],
                "errors": [
                    "2.65e-16",
                    "3.25e-16",
                    "3.57e-16",
                    "4.31e-15",
                    "4.55e-15"
                ]
            }
        },
        "Hilbert - Ill-conditioned": {
            "Gauss": {
                "times": [
                    0.001767420000032871,
                    0.003132140000070649,
                    0.009366979999867908,
                    0.16840392000003704,
                    1.5987156600001071
                ],
                "errors": [
                    "1.04e-15",
                    "2.43e-14",
                    "3.68e-15",
                    "5.34e-14",
                    "1.43e-14"
                ]
            },
            "LU": {
                "times": [
                    0.0021111800000653603,
                    0.0035098199999993086,
                    0.01280139999998937,
                    0.30123195999995006,
                    2.7553987999999663
                ],
                "errors": [
                    "5.09e-16",
                    "2.78e-14",
                    "3.85e-15",
                    "2.72e-14",
                    "1.66e-14"
                ]
            },
            "QR": {
                "times": [
                    0.0011903000000529572,
                    0.003274619999956485,
                    0.011297319999903266,
                    0.40668276000014886,
                    4.288738340000054
                ],
                "errors": [
                    "1.05e-15",
                    "9.79e-15",
                    "9.01e-14",
                    "3.50e-14",
                    "1.68e-13"
                ]
            },
            "Gauss-Seidel": {
                "times": [
                    null,
                    null,
                    null,
                    null,
                    null
                ],
                "errors": [
                    "Lỗi: Ma trận không chéo trội ngặt",
                    "Lỗi: Ma trận không chéo trội ngặt",
                    "Lỗi: Ma trận không chéo trội ngặt",
                    "Lỗi: Ma trận không chéo trội ngặt",
                    "Lỗi: Ma trận không chéo trội ngặt"
                ]
            }
        }
    }
}